seller_id,seller_zip_code_prefix,seller_city,seller_state
001cca7ae9ae17fb1caed9dfb1094831,29156,cariacica,ES
002100f778ceb8431b7a1020ff7ab48f,14405,franca,SP
004c9cd9d87a3c30c522c48c4fc07416,14940,ibitinga,SP
00ee68308b45bc5e2660cd833c3f81cc,03333,sao paulo,SP
00fc707aaaad2d31347cf883cd2dfe10,87025,maringa,PR
014c0679dd340a0e338872e7ec85666a,35180,timoteo,MG
014d9a685fd57276679edd00e07089e5,87015,maringa,PR
01c97ebb5cdac52891c0ed1c37ba0012,15804,catanduva,SP
01cf7e3d21494c41fb86034f2e714fa1,85603,francisco beltrao,PR
01fdefa7697d26ad920e9e0346d4bd1b,86050,londrina,PR
0241d4d5d36f10f80c644447315af0bd,80330,curitiba,PR
02c988090b766852e088c69d7fb3b551,13473,americana,SP
02dcd3e8e25bee036e32512bcf175493,32310,contagem,MG
02f623a8eb246f3c5f7c2f96462654e6,18611,botucatu,SP
0336182e1b3e92f029d5354832045fdf,14940,ibitinga,SP
0417b067eeab773d2f7061a726dc477f,89288,sao bento do sul,SC
0432ead42b6c8a0bdf68154add917fdf,09320,maua,SP
048c2757535328e0d7dac690ad3c0aae,14406,franca,SP
04aba03279157f6d4e0fe8ccaf21963c,28470,santo antonio de padua,RJ
04e38a233f726ef161074ab1c9b0399a,01239,sao paulo,SP
0509040ea3fe50071181bbc359eb7738,31710,belo horizonte,MG
056b4ada5bbc2c50cc7842547dda6b51,26379,queimados,RJ
0570350b23eda5444f8d1d9544932058,05104,sao paulo,SP
058fd0aa2bfdb2274e05e1ae971dabb6,09020,santo andre,SP
05d2173d43ea568aa0540eba70d2ca76,37135,alfenas,MG
05f51e13da97139648b8125c31e5f51b,31910,belo horizonte,MG
05ff92fedb5be47920fea08e501238b9,98803,santo angelo,RS
062ce95fa2ad4dfaedfc79260130565f,95913,lajeado,RS
06579cb253ecd5a3a12a9e6eb6bf8f47,04007,sao paulo - sp,SP
0691148aee60ca47977c187804f935ae,86010,londrina,PR
06a2c3af7b3aee5d69171b0e14f0ee87,65072,sao luis,MA
06df0c10d34e459d9672bc77388742eb,87045,maringa,PR
06e5eefc71ec47ae763c5c6f8db7064f,91350,porto alegre,RS
07017df32dc5f2f1d2801e579548d620,58030,joao pessoa,PB
0725b8c0f3f906e58f70cbe76b7c748c,07023,guarulhos,SP
0747d5bb69f0586cc869d8af4c50f93e,28990,saquarema,RJ
080102cd0a76b09e0dcf55fcacc60e05,31140,belo horizonte,MG
080199a181c46c657dc5aa235411be3b,06097,osasco,SP
08084d990eb3f53af056ccbc1730c8a7,03612,sao paulo,SP
082e0bf4cb865a6533b1e8e498cc0255,18608,botucatu,SP
08633c14ef2db992c11f840f04fad4cd,09416,ribeirao pires,SP
08d2d642cf72b622b14dde1d2f5eb2f5,17512,marilia,SP
093805f8f2aeb63881444571e1f48f30,06236,osasco,SP
0951a6e282947e09cd47969f4ed0b47f,06763,taboao da serra,SP
09f952a5f58d2285b0372551ae8f9b01,09725,sao bernardo do campo,SP
0ac4201fda2c68ebc0e47cb9423cf3c9,03345,sao paulo,SP
0adac9fbd9a2b63cccaac4f8756c1ca8,13290,louveira,SP
0b09101900100c0e9d312861fad5a1b9,03168,sao paulo,SP
0b90b6df587eb83608a64ea8b390cf07,87025,maringa,PR
0bae85eb84b9fb3bd773911e89288d54,88301,itajai,SP
0bb27263628258b8111a0262769fa9db,03077,sao paulo,SP
0be8ff43f22e456b4e0371b2245e4d01,04461,sao paulo,SP
0bfd0b434243adc5c2e1aa6baf19c6aa,22745,rio de janeiro,RJ
0c7533c71df861ec58ad7ff999ed0e8d,13270,valinhos,SP
0c8380b62e38e8a1e6adbeba7eb9688c,37410,tres coracoes,MG
0cbcee27c791afa0cdcb08587a2013a8,37410,tres coracoes,MG
0d33a55da925bbf1ff02af5f6059fc7f,05632,sao paulo,SP
0d85bbda9889ce1f7e63778d24f346eb,38414,uberlandia,MG
0db783cfcd3b73998abc6e10e59a102f,11010,santos,SP
0dd184061fb0eaa7ca37932c68ab91c5,07031,guarulhos,SP
0df3984f9dfb3d49ac6366acbd3bbb85,32604,betim,MG
0ea22c1cfbdc755f86b9b54b39c16043,35700,sete lagoas,MG
0eaa7e33d73809f1f925f7d07c506cbd,09111,santo andre,SP
0ebd97a106433a45a4aebe57c1799778,32240,contagem,MG
0ef83d7d83ed97cd2a0049ac8be5f88a,80230,curitiba,PR
0fe2d9733ed841eb064503920015a8c0,19906,ourinhos,SP
0ffa40d54288e4f3499b8780dd0f144f,19013,presidente prudente,SP
1025f0e2d44d7041d6cf58b6550e0bfa,03204,sao paulo,SP
10ff823eda2b032e2c93d17a7d294736,17280,pederneiras,SP
1127b7f2594683f2510f1c2c834a486b,13087,campinas,SP
11305281b50fff20ae8bb473f8e11876,36500,uba,MG
11eac105f3f90a9b87b19c89d91e24f3,07411,sao paulo,SP
128639473a139ac0f3e5f5ade55873a5,87050,maringa,PR
12b9676b00f60f3b700e83af21824c0e,95780,montenegro,RS
131fcb0a0c9a47bba4474aacff0f14b7,01201,sao paulo,SP
1336efc61c316ddf92c899eb817f7cae,19800,assis,SP
138dbe45fc62f1e244378131a6801526,02215,sao paulo,SP
1554a68530182680ad5c8b042c3ab563,37580,monte siao,MG
15aac934c58d886785ac1b17953ea898,29480,muqui,ES
15cd6eefe58588619aaed41dfa6621b1,35400,ouro preto,MG
16090f2ca825584b5a147ab24aa30c86,12940,atibaia,SP
165fc07beebdcb6190fba8a06db2a449,87015,maringa,PR
167fd940acebc789debd6eb418c46e38,14405,franca,SP
179d859f51292aac5c10806a356f7af9,09411,ribeirao pires,SP
17a053fcb14bd219540cbde0df490be0,13843,mogi guacu,SP
17ca9b9e9b9ef8fdb529001b49ebb50f,32677,betim,MG
17e34d8224d27a541263c4c64b11a56b,14085,riberao preto,SP
17f51e7198701186712e53a39c564617,03908,sao paulo,SP
1835b56ce799e6a4dc4eddc053f04066,14940,ibitinga,SP
1838dd9b8977065acf51d95e0053ea7a,30882,belo horizonte,MG
184a67a8f9f63234d3a92340bbdb727f,89220,joinville,SC
186cdd1b2df32caa72cfb410bba768d3,89295,rio negrinho,SC
18a349e75d307f4b4cc646a691ed4216,01319,sao paulo,SP
18e694e0e48ed6f7aa3f24aade5fd697,13224,varzea paulista,SP
1900267e848ceeba8fa32d80c1a5f5a8,14940,ibitinga,SP
1961c3e1272bfeceb05d0b78b5bbfdaf,07241,guarulhos,SP
1987cd4be10fe09ee50454f9c354d1c6,37570,ouro fino,MG
198c7ea11960a9844b544d9bcdca860c,37590,jacutinga,MG
1a3df491d1c4f1589fc2b934ada68bf2,89224,joinville,SC
1a932caad4f9d804097d7f8e615baed1,02976,sao paulo,SP
1acde099eb406aa220b1169b188b42da,02532,sao paulo,SP
1b1ae47a313a825a7ccceb8e2e30fa9d,83450,bocaiuva do sul,PR
1b4c3a6f53068f0b6944d2d005c9fc89,88730,sao ludgero,SC
1b65c144b17e607c0f37f10bb7dfec8d,89160,rio do sul,SC
1b7e5006cb25dd23ce8686691013b121,02350,sao paulo,SP
1b8356dabde1d35e17cef975c3f82730,03477,sao paulo,SP
1b938a7ec6ac5061a66a3766e0e75f90,16304,penapolis,SP
1bb2bdb95f4841f1bba2c0d2cd83d3c9,01257,sao paulo,SP
1c129092bf23f28a5930387c980c0dfc,02972,sao paulo,SP
1c40343cc5d18c2d8248ac2f3366de34,13482,limeira,SP
1c68394e931a64f90ea236c5ea590300,87114,sarandi,PR
1ca7077d890b907f89be8c954a02686a,06506,santana de parnaiba,SP
1caf283236cd69af44cbc09a0a1e7d32,26020,nova iguacu,RJ
1cbd50a8c52e6cf8e315c5709fab386f,83830,fazenda rio grande,PR
1ce3ae5a399804d1a87e706f8a813c3e,88715,jaguaruna,SC
1d8dbc4f32378d715c717c1c1fc57bae,86706,arapongas,PR
1da3aeb70d7989d1e6d9b0e887f97c23,04265,sao paulo,SP
1dfe5347016252a7884b694d4f10f5c4,14940,ibitinga,SP
1e47defeeadeca0e9a18fa5a9311e735,15800,catanduva,SP
1e8b33f18b4f7598d87f5cbee2282cc2,02066,sao paulo,SP
1eade46fba20122dc4aefb379f8c636b,02066,sao paulo,SP
1f1bb1f0859883505541bdd6606193e5,02124,sao paulo,SP
1f50f920176fa81dab994f9023523100,15025,sao jose do rio preto,SP
1f867308a0ce13133a4e639ff4de0c02,82510,curitiba,PR
1fe5540d7c1c37a595fefbacd5570d9e,25850,paraiba do sul,RJ
2089a6d640999f9b9141ac719b2af596,13566,sao carlos,SP
20b54c376b794ed028df09a3cd88e8dc,09560,sao caetano do sul,SP
20cb7c2fde3e5bf10f0bbe7394e1c6a9,86385,andira-pr,PR
20d83f3ef0e6925fd74bfd59170babf7,02804,sao paulo,SP
2138ccb85b11a4ec1e37afbd1c8eda1f,08250,sao paulo,SP
213b25e6f54661939f11710a6fddb871,13321,salto,SP
218d46b86c1881d022bce9c68a7d4b15,14070,ribeirao preto,SP
218f991754f360af9c2daa5e0b8e990c,01123,sao paulo,SP
238fac594e170b59c6d228f5a4f4f1d9,17300,dois corregos,SP
23a0ffca143a15b9b5bbdb7d552f626a,13520,sao pedro,SP
23c38debaffe4a25a30fdbd9b586a13f,18110,votorantim,SP
23d7c96d4a1160db1c726b248601b25a,13360,capivari,SP
2528513dd95219a6013d4d05176e391a,06060,osasco,SP
259f7b5e6e482c230e5bfaa670b6bb8f,08550,poa,SP
25be943a321c8938947bdaabca979a90,09725,sao bernardo do campo,SP
25c5c91f63607446a97b143d2d535d31,35680,itauna,MG
25cf099de44674fde97473224f9d59ab,06716,cotia,SP
25e47381a6c510ddeb36084e33b89f0c,11720,praia grande,SP
25e6ffe976bd75618accfe16cefcbd0d,05503,sao paulo,SP
26785a546900236d66f2e4197c211158,08430,sao paulo,SP
26d8a1c7c75d513045798992ead43aa2,86800,apucarana,PR
26e2c91ef821e1ff8985f408788fe35b,14940,ibitinga,SP
272f092de69afedd4d2969440b37f18f,03265,sao paulo,SP
276677b5d08786d5dce7c2149dcce48b,31730,belo horizonte,MG
282f23a9769b2690c5dda22e316f9941,31573,belo horizonte,MG
289cdb325fb7e7f891c38608bf9e0962,31570,belo horizonte,SP
2a261b5b644fa05f4f2700eb93544f2c,13660,porto ferreira,SP
2a6fbeaa7ab9e5d59a35841a8da71ce4,89259,jaragua do sul,SC
2a7dc43cecabf23403078e2188437d1d,04142,sao paulo,SP
2a84855fd20af891be03bc5924d2b453,30111,belo horizonte,MG
2aa3443d7bf9d9bb11133f420d75e083,22713,rio de janeiro,RJ
2b1a40c1daabc6ca280c4b815c101841,35500,divinopolis,MG
2b3e4a2a3ea8e01938cabda2a3e5cc79,04733,sao paulo,SP
2be17df1c49978426251562096c3cc09,88704,tubarao,SC
2bf6a2c1e71bbd29a4ad64e6d3c3629f,28615,nova friburgo,RJ
2c4c47cb51acd5ea5db5e0ae0e26542a,15290,buritama,SP
2c9e548be18521d1c43cde1c582c6de8,08752,mogi das cruzes,SP
2d2c62bef4c8ba0dd74e0e228e808539,14096,ribeirao preto,SP
2d50d6282f8aa2257819a77bfaa0efe0,14940,ibitinga,SP
2e13c71026e1a39ba5cc1b86dcb679aa,02265,sao paulo,SP
2e1a7d075abe038c1b2743005fe42ff1,03461,sao paulo,SP
2e1c9f22be269ef4643f826c9e650a52,04850,sao paulo,SP
2e90cb1677d35cfe24eef47d441b7c87,02285,sao paulo,SP
2eb70248d66e0e3ef83659f71b244378,13101,campinas,SP
2ee0a0689f2f6a72f35a7cb6033f6e7e,19025,presidente prudente,SP
2f09f7d37a97956d11cc1a7cadd5262b,14090,ribeirao preto,SP
2fdde51ad3e12f297da656d4fbd5d0b5,89228,joinville,SC
2ff97219cb8622eaf3cd89b7d9c09824,13320,salto,SP
30829ded4523ab9224b93bc49a62c95f,95360,parai,RS
30a2f535bb48308f991d0b9ad4a8c4bb,13457,santa barbara d'oeste,SP
31344c16881c08a8a72c6d2eb29918c1,36500,uba,MG
318f287a62ab7ac10b703ac37435a231,04773,sao paulo,SP
31ae0774c17fabd06ff707cc5bde005f,13478,americana,SP
3296662b1331dea51e744505065ae889,15805,catanduva,SP
32b8764b4ef628b53608fc34011fcc13,88504,lages,SC
32e5635e63cb374eb63afdd242fb6134,22451,rio de janeiro,RJ
33576ec5412fb5905d876f12f33bfde6,80040,curitiba,PR
3361277dc30b7cccdb0c286b24219756,87015,maringa,PR
33a6f4b1e7cdc205511e76ba1b6e0186,07084,guarulhos,SP
33ab10be054370c254ddfcf0a6253422,22790,rio de janeiro,RJ
34056b8b55c1775a22af2331670a799c,16304,penapolis,SP
34d1ca11b242c0fee2c834ae8d788566,36415,congonhas,MG
3504c0cb71d7fa48d967e0e4c94d59d9,09350,maua,SP
3586b8580d9c917874e053a1bb37b5ff,14802,araraquara,SP
36a968b544695394e4e9d7572688598f,11010,santos,SP
373ee4a3a775a733770ca3f790b8b9ac,22793,rio de janeiro,RJ
37515688008a7a40ac93e3b2e4ab203f,17900,dracena,SP
376a891762bbdecbc02b4b6adec3fdda,74323,goiania,GO
3785b653b1b82de85ab47dd139938091,85640,ampere,PR
37be5a7c751166fbc5f8ccba4119e043,04248,sao paulo,SP
37dd29b36c458d82f74a953c40c43645,13480,limeira,SP
382229d1e840115ffe3dbf5ff460e417,23092,rio de janeiro,RJ
38e679b9e0064cd94c6f035707344dae,86010,londrina,PR
38e6dada03429a47197d5d584d793b41,04763,sao paulo,SP
3903c788ded8dc03b5ebab37a2f3e9a1,06332,carapicuiba,SP
391fc6631aebcf3004804e51b40bcf1e,14940,ibitinga,SP
392e0502231ae2f8b29994ef6398cd77,18760,cerqueira cesar,SP
3935fe5fe0f82787a9dcb8deb62be09d,04905,sao paulo,SP
3985a3c45be355a4c57fde108bfabd1c,95690,rolante,RS
3aa3c89ae3cd482385568be76120f63c,74343,goiania,GO
3ab971ce71839580d2ae5b4e40fe8044,03210,sao paulo,SP
3ade81dab5a172b88e1871c28ae05260,15076,sao jose do rio preto,SP
3afc536624bc2e65bddfb5db33cc01f3,30150,belo horizonte,MG
3b15288545f8928d3e65a8f949a28291,14940,ibitinga,SP
3b872fd4747f01cc56206f2934198618,14940,ibitinga,SP
3bb548e3cb7f70f28e3f11ee9dce0e59,87040,maringa,PR
3be634553519fb6536a03e1358e9fdc7,08275,sao paulo,SP
3c487ae8f8d7542beff5788e2e0aea83,72460,gama,DF
3c7c4a49ec3c6550809089c6a2ca9370,03804,sao paulo,SP
3d2531eccfbde1d7c8db7a3a12fb267a,31340,contagem,MG
3d290fe363c60a77498c1126fd3fb8d3,06694,itapevi,SP
3d4b1ae7539303b5704493798893e82c,03244,sao paulo,SP
3d871de0142ce09b7081e2b9d1733cb1,13232,campo limpo paulista,SP
3d8fa2f5b647373c8620330c4e077a9f,03031,sao paulo,SP
3db66a856d18a9cba7c9241fc5221c50,35430,ponte nova,MG
3df020b72d3d44b3af9d110fa3940b65,15704,jales,SP
3e8bd881d92466e63ba9e3e809cd3c50,20751,rio de janeiro,RJ
3f995f07c49d0d55a99d5c54957f7d81,06853,itapecerica da serra,SP
3fd1e727ba94cfe122d165e176ce7967,14802,araraquara,SP
403aa86912527d730337ffcb0fb096ab,30220,belo horizonte,MG
406822777a0b9eb5c50e442dd4cd3ec5,18500,tatui,SP
40db9e9aa57f7bb151bcda6b0f9bdbb7,52010,recife,PE
41b39e28db005d9731d9d485a83b4c38,09220,santo andre,SP
41b86b552e54e3a7009596125aa8b167,02470,sao paulo,SP
41c2bad7229b0c25e6becf179ebf63ff,59020,natal,RN
41c9d3997dd3c072c31139dc5bb5761f,38182,araxa,MG
4200ddf1967c5e41e48db62bc6d4b5ac,09710,sao bernardo do campo,SP
42b729f859728f5079499127a9c2ef37,03910,sao paulo,SP
42bde9fef835393bb8a8849cb6b7f245,71551,brasilia,DF
42ef3192a9ff87a22d1867b74b3ee205,09090,santo andre,SP
42fa4ee7240e9b8eb4576358ec142ba7,95012,caxias do sul,RS
431af27f296bc6519d890aa5a05fdb11,14110,ribeirao preto,SP
4324dd16853115efb0fd9d0d131ba6f4,13720,sao jose do rio pardo,SP
432c37c9dfba871172ec162e20118b8c,70235,brasilia,DF
4371b634e0efc0e22b09b52907d9d469,02028,sao paulo,SP
43b2c864251aa0ce4030c746984e088a,71936,brasilia,DF
44073f8b7e41514de3b7815dd0237f4f,71070,brasilia,DF
45213867cefbf2cd4c6177e10216a951,13603,araras,SP
4559697a8f7e637227c2eeaed843baff,19029,presidente prudente,SP
45ba18c210d42734ec52c0c1c574e9ee,18130,sao roque,SP
46dc3b2cc0980fb8ec44634e21d2718e,22240,rio de janeiro,RJ
48162d548f5b1b11b9d29d1e01f75a61,13403,piracicaba,SP
4830e40640734fc1c52cd21127c341d4,03573,sao paulo,SP
48436dade18ac8b2bce089ec2a041202,27277,volta redonda,SP
4869f7a5dfa277a7dca6462dcf3b52b2,14840,guariba,SP
48b6c3f4c6a93171da04b75313f2130f,17700,osvaldo cruz,SP
49067458c68f7701fd334ce326accbe0,36050,juiz de fora,MG
4917cee8d902e13428c3ec4b1ca6f315,89031,blumenau,SC
4a3ca9315b744ce9f8e9374361493884,14940,ibitinga,SP
4a3ccda38b2129705f3fb522db62ca31,17504,marilia,SP
4aba391bc3b88717ce08eb11e44937b2,45816,arraial d'ajuda (porto seguro),BA
4b1eaadf791bdbbad8c4a35b65236d52,14092,ribeirao preto,SP
4b5f66b7adcf57f1ecc0d3c07dd6b177,87025,vendas@creditparts.com.br,PR
4b9750c8ad28220fe6702d4ecb7c898f,13484,limeira,SP
4ba52dfeba874da5b9ee7b17c7494f04,08790,mogi das cruzes,SP
4bde6149c15cf7e177b36fa060dd6de8,99500,carazinho,RS
4be6b962d83299498bae2190f95d6566,13561,sao carlos,SP
4bfc7a4a1cf8d4d2121c27422d9e50b5,03111,sao paulo,SP
4c03b9dd4c11ee2cb35c96c49efc9420,13232,campo limpo paulista,SP
4c18691b6037662be2df78a765d98ab5,03167,sao paulo,SP
4c2b230173bb36f9b240f2b8ac11786e,03933,sao paulo,SP
4c498c7345e89aebad651544829beca0,06341,carapicuiba,SP
4ce6e5f6c52515177e18c1c9361d8677,09895,sao bernardo do campo,SP
4d6d651bd7684af3fffabd5f08d12e5a,17209,jau,SP
4da0e408c99d2fdc2126dc9fce518060,86300,cornelio procopio,PR
4e17c65a516f69d023a2ae78b84f28d6,08673,suzano,SP
4e2627090e6e5b9fabba883a37897683,31565,belo horizonte,MG
4e7c18b98d84e05cbae3ff0ff03846c2,14882,jaboticabal,SP
4e922959ae960d389249c378d1c939f5,12327,jacarei,SP
5058e8c1e82653974541e83690655b4a,08583,itaquaquecetuba,SP
512d298ac2a96d1931b6bd30aa21f61d,20060,rio de janeiro,RJ
5145090ab595c0d0b8557199f5701fbf,82900,curitiba,PR
5160d23075764e18e07c1f4a87fad743,09720,sao bernardo do campo,SP
516e7738bd8f735ac19a010ee5450d8d,22230,rio de janeiro,RJ
51702dc2a3e106c76dbff722b5bf0726,13835,conchal,SP
520b493b57809f446cb0a233bb3e25c7,11075,santos,SP
522620dcb18a6b31cd7bdf73665113a9,85801,cascavel,PR
525e75a6fb1454a2325ab1734bcec221,06453,barueri,SP
527801b552d0077ffd170872eb49683b,17400,garca,SP
52d76513f0c4d97f3b99570e2c94ee31,93348,novo hamburgo,RS
52f9db5cfb423382a2fa5c9e39303202,19830,echapora,SP
530ec6109d11eaaf87999465c6afee01,85807,cascavel,PR
53243585a1d6dc2643021fd1853d8905,42738,lauro de freitas,BA
5343d0649eca2a983820bfe93fc4d17e,09270,santo andre,SP
537eb890efff034a88679788b647c564,20270,rio de janeiro,RJ
53e4c6e0f4312d4d2107a8c9cddf45cd,13920,pedreira,SP
54065e9aef7e9e9c2dc23b7594db021a,20040,rio de janeiro,RJ
542917da124346b47ea1ac79a93ce454,82560,curitiba,PR
54965bbe3e4f07ae045b90b0b8541f52,85851,foz do iguacu,PR
54a1852d1b8f10312c55e906355666ee,13456,santa barbara d'oeste,SP
54c04bdb5ec46762f8f08c7e8f86ed4a,88037,florianopolis,SC
5566627eab3fe93fd6ee08798226101a,83005,sao jose dos pinhais,PR
55a5b51f93f2b70ea513f5a047b0262a,36301,sao joao del rei,MG
55c96925041a14097b6a7825554f4ad5,02122,sao paulo,SP
55d3daac7c404d59e51c2aa2f4dc5a23,02150,sao paulo,SP
55dedd83e501d8248880557d9073cbfd,22061,rio de janeiro,RJ
55f7a3319d80f7fdf078b8f03e6725fe,06056,osasco,SP
562f8cfc51f265411f487d07e9c40e7f,30575,belo horizonte,MG
562fc2f2c2863ab7e79a9e4388a58a14,13070,campinas,SP
5656537e588803a555b8eb41f07a944b,72015,brasilia,DF
5659d77e8d90378e39b960ad5956f64e,12062,taubate,SP
5670f4db5b62c43d542e1b2d56b0cf7c,03694,sao paulo,SP
575df70bde3f9f2b30bf8d2e9910d725,15075,sao jose do rio preto,SP
57a834594e1e9e9219603bfec184eadc,98780,santa rosa,RS
57c764b4a836300be881e2ff86e449f9,14021,ribeirao preto,SP
57e632711dec9ec14ca7546769483e7e,88372,navegantes,SC
582d4f8675b945722eda7c0cb61ba4c7,11250,bertioga,SP
58f1a6197ed863543e0136bdedb3fce2,36407,conselheiro lafaiete,MG
594f9aaa48e5bf431f011ddc5669b0d5,32185,contagem,MG
59b22a78efb79a4797979612b885db36,38414,uberlandia,MG
59cd88080b93f3c18508673122d26169,11707,praia grande,SP
59fb871bf6f4522a87ba567b42dafecf,03655,sao paulo,SP
5a05a16bb50629ee31afab8a6d4c2674,95076,caxias do sul,RS
5a425cc503b39b262a847fd6212bf53b,86010,londrina,PR
5a8e7d5003a1f221f9e1d6e411de7c23,13076,campinas,SP
5ab05b6d86d417796c69ffd6774ec832,19815,assis,SP
5abb8ea023c77787f2c15da891c8d384,89228,joinville,SC
5b0cc932433fa5184b5b94bfe6bcc256,14940,ibitinga,SP
5b179e9e8cc7ab6fd113a46ca584da81,05424,sao paulo,SP
5b33b527da3c5b969cc99dc435cad09a,87702,paranavai,PR
5b925e1d006e9476d738aa200751b73b,04567,sao paulo,SP
5bc24d989e71e93c33e50a7782431b0e,37165,campo do meio,MG
5bffbafbb22daf6d3bfc216a46db8708,26525,nilopolis,RJ
5c243662ce92d84573bfaff24c3e3700,03702,sao paulo,SP
5cbbd5a299cab112b7bf23862255e43e,83324,pinhais,PR
5cf13accae3222c70a9cac40818ae839,38700,patos de minas,MG
5d0363b33554b373851fc1622e4d5f3c,12952,atibaia,SP
5d3bb11474a06bdc23fb9e89f1164ee0,19804,assis,SP
5d76d80a2f5f39c891b996a1bf4c9853,05727,sao paulo,SP
5dceca129747e92ff8ef7a997dc4f8ca,13450,santa barbara d´oeste,SP
5debea795b07621e1f90532e18f96145,86800,apucarana,PR
5ee7fd217d08dfe5d3e2f51f96a12c9a,13880,vargem grande do sul,SP
5f1dc28029d2c244352a68107ec2b542,05126,sao paulo,SP
5f2684dab12e59f83bef73ae57724e45,05125,sao paulo,SP
5f3ae9136c875522250f8184f253413a,01550,sao paulo,SP
5fd924b4836098a5be0ecf81ba054ce0,03554,sao paulo,SP
602044f2c16190c2c6e45eb35c2e21cb,14940,ibitinga,SP
6039e27294dc75811c0d8a39069f52c0,06162,osasco,SP
60562ab00b8054280520d390c8c0045c,04809,sao paulo,SP
6061155addc1e54b4cfb51c1c2a32ad8,13043,campinas,SP
609e1a9a6c2539919b8205cf7c4e6ff0,88359,brusque,SC
612170e34b97004b3ba37eae81836b4c,93542,novo hamburgo,RS
620c87c171fb2a6dd6e8bb4dec959fc6,25645,petropolis,RJ
624f4ece8da4aafb77699233d480f8ef,05138,sao paulo,SP
62c50c1af4dfdc4149d25c5222043d39,04782,sao paulo,SP
63272377184e969942f7fff221be858d,03340,sao paulo,SP
6338ea67c41078a46ad99cc009654956,95170,farroupilha,RS
633ecdf879b94b5337cca303328e4a25,04438,sao paulo,SP
634964b17796e64304cadf1ad3050fb7,21840,rio de janeiro,RJ
638cba8be1fb599bbb76fd6948351eb3,12242,sao jose dos campos,SP
63b9ae557efed31d1f7687917d248a8d,13720,sao jose do rio pardo,SP
640e21a7d01df7614a3b4923e990d40c,14940,ibitinga,SP
6426d21aca402a131fc0a5d0960a3c90,14091,ribeirao preto,SP
655220df33262c7e0c4949a147366f94,09951,diadema,SP
6560211a19b47992c3666cc44a7e94c0,05849,sao paulo,SP
656591be56071d4c9ef4e5fee78a578a,09180,santo andre,SP
65a7c0788e4d632ccb5e1b594b87f0bb,05782,sao paulo,SP
65b081a070633e057c462abdd6fb9dd8,75650,morrinhos,GO
65febd49fd28ec955651299159b1f527,03275,sao paulo,SP
66922902710d126a0e7d26b0e3805106,31842,belo horizonte,MG
669ae81880e08f269a64487cfb287169,89160,rio do sul,SC
66fd84ee7528c0c0de85d0f44a73d5ab,98975,campina das missoes,RS
670c26e0f1bf8d0576271d5cfaec6d2b,87025,maringa,PR
67883baaae6134ee81b271a542613728,01310,sao paulo,SP
6860153b69cc696d5dcfe1cdaaafcf62,13360,capivari,SP
688756f717c462a206ad854c5027a64a,07094,guarulhos,SP
6973a06f484aacf400ece213dbf3d946,12230,sao jose dos campos,SP
6a0cbc8af2e8abd1bdfb777943d174c6,14312,batatais,SP
6a38087bc8ad4f89ff453561005f6dea,75123,anapolis,GO
6a8b085f816a1f75f92dbac6eb545f8f,14709,bebedouro,SP
6b243f80ed07b10f0e8aa0f21a205f3c,81825,curitiba,PR
6b3bd31ad8fcda4b2635ec9f3ff2ecdf,22775,rio de janeiro,RJ
6b90f847357d8981edd79a1eb1bf0acb,07152,guarulhos,SP
6bb0724edf0b62fb91ac404873a97241,06700,cotia,SP
6c177e38df6d3f34182b1f1d427231bf,80430,curitiba,PR
6c7d50c24b3ccd2fd83b44d8bb34e073,19025,presidente prudente,SP
6cd68b3ed6d59aaa9fece558ad360c0a,31255,belo horizonte,MG
6d22a1fcebb6dd08c9cd90b92a93e8d0,89215,joinville,SC
6d66611d7c44cc30ce351abc49a68421,04378,sao paulo,SP
6d803cb79cc31c41c4c789a75933b3c7,14600,sao joaquim da barra,SP
6d988d6174a2c27441597174f8905515,87070,maringa,PR
6ddc28b61be28373b4503a1f61cf98a9,03543,sao paulo,SP
6df688df543f90e9b38f4319e75a9d88,31230,belo horizonte,MG
6e13dd869aa7185f601c941423abcc8f,05311,sao paulo,SP
6e2d3e2dc84fb30f6078f39dd3bddd6f,83408,colombo,PR
6ec1a01e866584bb679eb9b098345919,11040,santos,SP
6edacfd9f9074789dad6d62ba7950b9c,07135,guarulhos,SP
6ee85be3693ed79a8e80718743d80655,03937,sao paulo,SP
6f892e20a171e98efe17fdb971ff319b,08270,sao paulo,SP
6fc26fe110feebd80a433e1f012a84f9,15601,fernandopolis,SP
6fd52c528dcb38be2eea044946b811f8,08180,sao paulo,SP
7008613ea464bad5cb9b83456e1e6a8f,89460,canoinhas,SC
701938c450705b8ae65fc923b70f35c7,15014,s jose do rio preto,SP
7040e82f899a04d1b434b795a43b4617,01026,sao paulo,SP
709e16e2b25c7474d980076c6bfc4806,16200,birigui,SP
70a12e78e608ac31179aea7f8422044b,12327,jacarei,SP
70c27847eca8195c983ed7e798c56743,20930,rio de janeiro,RJ
70eea00b476a314817cefde4aad4f89a,13250,itatiba,SP
71039d19d4303bf9054d69e9a9236699,03018,sao paulo,SP
710e3548e02bc1d2831dfc4f1b5b14d4,86600,rolandia,PR
712e6ed8aa4aa1fa65dab41fed5737e4,89560,videira,SC
7142540dd4c91e2237acb7e911c4eba2,16301,penapolis,SP
71592660bbcb6a4664e97b6f8b68babc,15055,sao jose do rio preto,SP
715bbd5ba4e6b74cb0d2f29eb45058b0,13930,serra negra,SP
7178f9f4dd81dcef02f62acdf8151e01,89560,videira,SC
718539d38d07dd351c76db862760e2e2,13088,campinas,SP
7210cd29727d674c00741e5e387b3ccd,03279,sao paulo,SP
72146da5774cabf2632faedcae097a76,85960,marechal candido rondon,PR
7238f877570096ae403c51898fa64566,06519,santana de parnaiba,SP
723cd880edaacdb998898b67c8f9da30,14940,ibitinga,SP
7299e27ed73d2ad986de7f7c77d919fa,38440,araguari,MG
729b2d09b2a0bdab221076327f13d050,17320,mineiros do tiete,SP
729f06993dac8e860d4f02d7088ca48a,13481,limeira,SP
72c38a04bd6a1c3dbc5298425a0db86d,85804,cascavel,PR
730937bf88cb151eb2eb849f642fc213,13500,rio claro,SP
7315baebc0572ff220d226283dc66728,13560,sao carlos,SP
73b8eb4a9a729d4019b24ed1be748cbf,13070,campinas,SP
744dac408745240a2c2528fb1b6028f3,83408,colombo,PR
74c7dec0a384d8a05950e629bd23bde9,13845,mogi guacu,SP
750303a20e9c56b2a6bc45cdce0b897d,74333,goiania,GO
75d34ebb1bd0bd7dde40dd507b8169c3,41820,salvador,BA
7681ef142fd2c19048da7430856b5588,07074,guarulhos,SP
768de2a4fc06aacecb9a586ccc30746a,70645,brasilia,DF
76d5af76d0271110f9af36c92573f765,03194,sao paulo,SP
76d64c4aca3a7baf218bf93ef7fa768d,80215,curitiba,PR
76ea5315acb3f5f7ade3cd261faf922a,04213,sao paulo,SP
7722b1df1b0e383e000397b2c11e3e19,09715,sao bernardo do campo,SP
77530e9772f57a62c906e1c21538ab82,80310,curitiba,PR
77dcbb67ccb3659bd58eaf5661560a30,95900,lajeado,RS
784ba75dd9d20200c4caed3d7a77141a,01040,sao paulo,SP
78a4d36f65a019172c6154468831a69f,17018,bauru,SP
78c99c6dff4eeae5be99bf635ed21e3f,17510,marilia,SP
79565f7d5603b24ddf07ade262547f2f,14804,araraquara,SP
79ebd9a61bac3eaf882805ed4ecfa12a,85802,cascavel,PR
79ed755314cfe6df0daef2c6cd3022cd,13503,rio claro,SP
7a241947449cc45dbfda4f9d0798d9d0,37590,jacutinga,MG
7a425d299613df3e613bcf9d2eaf5c49,22790,rio de janeiro,RJ
7a67c85e85bb2ce8582c35f2203ad736,03426,sao paulo,SP
7aa4334be125fcdd2ba64b3180029f14,18500,laranjal paulista,SP
7aa538dd6e114e503a2e6154ea352253,15807,catanduva,SP
7ad32824caee82087b3e2e5f33b1bf32,14940,ibitinga,SP
7ad41305e96a6cab8294cd65891e9a86,28810,rio bonito,SP
7adbd3210a7b3cc2235e225eef33574d,02544,sao paulo,SP
7ade73f1b9b4e965f9009a4c3a7e2c15,17051,bauru,SP
7b07b3c7487f0ea825fc6df75abd658b,02016,sao paulo,SP
7b0df942f46435babab05d49b744b2c4,12924,braganca paulista,SP
7b1222c3624aa89b9558b50a2594188c,15041,sao jose do rio preto,SP
7c67e1448b00f6e969d365cea6b010ab,08577,itaquaquecetuba,SP
7d13fca15225358621be4086e1eb0964,14050,ribeirao preto,SP
7d76b645482be4a332374e8223836592,01511,sao paulo,SP
7ddcbb64b5bc1ef36ca8c151f6ec77df,04403,sao paulo,SP
7e1fb0a3ebfb01ffb3a7dae98bf3238d,14403,franca,SP
7e3f87d16fb353f408d467e74fbd8014,04809,sao paulo,SP
7e93a43ef30c4f03f38b393420bc753a,06429,barueri,SP
7ea5bfa6c340f58f8e71fc1f0412b0d6,30180,belo horizonte,MG
7f7b8245c336066a1f9933c359f11d77,13800,mogi mirim,SP
7fc87cc3e89b3d1d5cabdca32f8485aa,07123,guarulhos,SP
7fe21dd00d2f4943ae09525efa2fd674,20551,rio de janeiro,RJ
8090490573c6c0aa343a7231ebcb8c86,04130,sao paulo - sp,SP
80e6699fe29150b372a0c8a1ebf7dcc8,83323,pinhais,PR
813348c996469b40f2e028d5429d3495,13206,jundiai,SP
8160255418d5aaa7dbdc9f4c64ebda44,14940,ibitinga,SP
818d28f936e791926d33bcb6ee94ef79,04141,sao paulo,SP
81a1104df0f08b59c68aa5b03cfe398e,83020,sao jose dos pinhais,PR
821fb029fc6e495ca4f08a35d51e53a5,02030,sao paulo,SP
822166ed1e47908f7cfb49946d03c726,25803,tres rios,RJ
822bad9bc42b51213ba522fe87b7ab5d,88330,balneario camboriu,SC
827f8f69dfa529c561901c4f2e0f332f,81880,curitiba,PR
82e0a475a88cc9595229d8029273f045,03417,sao paulo,SP
834f8533b2ecb6598dd004ff3de7203a,05181,sao paulo,SP
835f0f7810c76831d6c7d24c7a646d4d,08030,sao paulo,SP
83b08de96980757220871b31bf6cffca,21820,rio de janeiro,RJ
83deb69e889cf80f82be1dc6d5f2d486,88056,florianopolis,SC
85044848b1b767db2a4a58526adef4b4,06018,osasco,SP
850913d59ce317156b00f3705f1c3edb,12942,atibaia,SP
850f4f8af5ea87287ac68de36e29107f,04367,sao paulo,SP
855668e0971d4dfd7bef1b6a4133b41b,13257,itatiba,SP
8581055ce74af1daba164fdbd55a40de,07112,guarulhos,SP
85cc55e048b6bcc90c75afe7f0e72f72,27345,barra mansa,RJ
85d9eb9ddc5d00ca9336a2219c97bb13,31255,belo horizonte,MG
863d2ebcd347ce4922de7a0f9a5581d6,21041,rio de janeiro,RJ
8648b1e89e9b349e32d3741b30ec737e,12308,jacarei,SP
86ccac0b835037332a596a33b6949ee1,89041,blumenau,SC
870d0118f7a9d85960f29ad89d5d989a,37708,pocos de caldas,MG
87142160b41353c4e5fca2360caf6f92,90230,porto alegre,RS
876182d1918783bbe15233febfbd4926,04208,sao paulo,SP
87d30a6a0cbf89356e49324971ab1d24,02036,sao paulo,SP
87d3c3aeb3ead335511b3ce315eb341e,03059,sao paulo,SP
88460e8ebdecbfecb5f9601833981930,87030,maringa,PR
88cf19ec1fc2c58f161aee259d57142c,13570,sao carlos,SP
891071be6ba827b591264c90c2ae8a63,03872,sao paulo,SP
8931a84a914b3fe9b1ddaa4d704947ca,08410,sao paulo,SP
897060da8b9a21f655304d50fd935913,14092,ribeirao preto,SP
89de2d6f23e9746ff309705b23581faa,86060,londrina,PR
8a130737016f838139d31878787a39c9,03187,sao paulo,SP
8a32e327fe2c1b3511609d81aaf9f042,02443,sao paulo,SP
8a432f4e5b471f8da497d7dc517666e2,19042,presidente prudente,SP
8ab42aa58097fd4668d60cc648225d5f,74150,goiania,GO
8ae520247981aa06bc94abddf5f46d34,88370,navegantes,SC
8b28d096634035667e8263d57ba3368c,12243,sao jose dos campos,SP
8b321bb669392f5163d04c59e235e066,01212,sao paulo,SP
8b8cfc8305aa441e4239358c9f6f2485,86020,londrina,PR
8b9d6eec4a7eb7d0f9d579ce0b38324d,26562,mesquita,RJ
8bb48dc19fccaa8613b6229bf7f452a2,19803,assis,SP
8bd0f31cf0a614c658f6763bd02dea69,01222,sao paulo,SP
8cbac7e12637ed9cffa18c7875207478,89254,jaragua do sul,SC
8cc6a0e5738e61a87b03c78b2ba9db4b,37795,andradas,MG
8d92f3ea807b89465643c219455e7369,03052,sao paulo,SP
8d956fec2e4337affcb520f56fd8cbfd,09780,sao bernardo do campo,SP
8def3db7f272735afb2ecd03aeca09a7,28035,rio de janeiro,RJ
8e29d051f810eb22959ede205b462b9f,15131,mirassol,SP
8e6cc767478edae941d9bd9eb778d77a,38442,araguari,MG
8e6d7754bc7e0f22c96d255ebda59eba,12233,sao jose dos campos,SP
8e8a7ce9f2f970dc00e2acf6f6e199f6,24710,sao goncalo,RJ
8f119a0aee85c0c8fc534629734e94fd,06440,barueri,SP
8f2b51a30523cdecddc2f179f351c7d6,04833,sao paulo,SP
8f2ce03f928b567e3d56181ae20ae952,05141,pirituba,SP
8fb791022c1fc8909664f48ab7dc636d,03976,sao paulo,SP
900ba814c251a692506d7834c1218441,13328,salto,SP
903037660cf848a717166eb7a06d616e,05734,sao paulo,SP
9140bd1d9de28b197dce077bdd687438,13900,amparo,SP
916c9de0b5ad957346eeeb12f332687e,80240,curitiba,PR
91f848e9f4be368f4318775aac733370,03029,sao paulo,SP
92c8bc6e8f925792247656fed09aad65,03384,sao paulo,SP
92eb0f42c21942b6552362b9b114707d,03504,sao paulo,SP
93dc87703c046b603023e75222018b45,30315,belo horizonte,MG
94144541854e298c2d976cb893b81343,94451,viamao,RS
951e8cef368f09bb3f3d03c00ca4702c,14940,ibitinga,SP
955fee9216a65b617aa5c0531780ce60,04782,sao paulo,SP
95b293867b5862941c9cd74f756a3c68,08223,sao paulo,SP
95e03ca3d4146e4011985981aeb959b9,21210,rio de janeiro,RJ
95f83f51203c626648c875dd41874c7f,37564,borda da mata,MG
960945e1a9535cbc0cd6ddd35fbe7ae8,08290,sao paulo,SP
9616352088dcf83a7c06637f4ebf1c80,87504,umuarama,PR
9646c3513289980f17226a2fc4720dbd,12215,sao jose dos campos,SP
96493fab2fbb13a14d0c0e8772eef5c3,05537,sao paulo,SP
966cb4760537b1404caedd472cc610a5,09920,diadema,SP
9674754b5a0cb32b638cec001178f799,04438,sao paulo,SP
96804ea39d96eb908e7c3afdb671bb9e,38950,ibia,MG
972d0f9cf61b499a4812cf0bfa3ad3c4,88359,brusque,SC
974cf2cb8f4b7add98709c30df02fe10,14802,araraquara,SP
985c92cc412091f8529c12d7f23d3fef,36300,sao joao del rei,MG
98dac6635aee4995d501a3972e047414,02030,sao paulo,SP
994f04b3718c2bab35c2adfa8afecd2a,13912,jaguariuna,SP
99eaacc9e6046db1c82b163c5f84869f,14400,franca,SP
9a03a4e9eb0b947652fae4f6121a3f5e,15805,catanduva,SP
9a84ba99f5367fdbd4598363496f1ea2,72801,luziania,GO
9aa388272ee334b6ae07bc73706e254a,36886,muriae,MG
9add47bf45ce8e8c7db6b9cf670b1e09,83830,fazenda rio grande,PR
9b013e03b2ab786505a1d3b5c0756754,11450,vicente de carvalho,SP
9baf5cb77970f539089d09a38bcec5c3,13330,indaiatuba,SP
9c0e69c7bf2619675bbadf47b43f655a,12230,sao jose dos campos,SP
9c3c24eca51c52b91c1de727d2a2ae06,95020,caxias do sul,RS
9d4db00d65d7760644ac0c14edb5fd86,18025,sorocaba,SP
9d5a9018aee56acb367ba9c3f05d1d6a,74930,aparecida de goiania,GO
9da1ca0bef29ee170e541927a5aeabdc,15500,votuporanga,SP
9dd59e43f0c9f0553244e8f9c2fb247e,85851,foz do iguacu,PR
9de4643a8dbde634fe55621059d92273,89225,joinville,SC
9e6229250fedbe05838fef417b74e7fb,16800,mirandopolis,SP
9f50216bfd01913736a55a11b55ea842,12020,taubate,SP
9f505651f4a6abe901a56cdc21508025,04102,sao paulo,SP
a06c8ff043abea0528ee44171e2140a2,35501,divinopolis,MG
a1043bafd471dff536d0c462352beb48,37175,ilicinea,MG
a1544b9ea0b2390e020537d4daa89049,13211,jundiai,SP
a17f621c590ea0fab3d5d883e1630ec6,18055,sorocaba,SP
a218df5c097b0ca409cfaac1488cc7f6,14806,araraquara,SP
a2e874074c877c5a05abae80ad6e488f,15070,sao jose do rio preto,SP
a3a38f4affed601eb87a97788c949667,89204,joinville,SC
a3dd39f583bc80bd8c5901c95878921e,41342,salvador,BA
a3e9a2c700480d9bb01fba070ba80a0e,14940,ibitinga,SP
a3f0b55de503387383c7b1de3ad7f678,82400,curitiba,PR
a414555ce331b8c8aea4a9cb8395194d,03638,sao paulo,SP
a416b6a846a11724393025641d4edd5e,03702,sao paulo,SP
a425f92c199eb576938df686728acd20,81050,curitiba,PR
a478c7961d6a992065b24e63b366f90b,89036,blumenau,SC
a49928bcdf77c55c6d6e05e09a9b4ca5,03017,sao paulo,SP
a4b8d97cd5d3674eeff96abc99d8ed67,13177,sumare,SP
a4fc6eadaff1576af888509a53420f6a,09561,sao caetano do sul,SP
a5259c149128e82c9d6d46e0c1c812bb,76900,ji parana,RO
a5a1bfcf728ab0e19182959cf0771ee4,13960,socorro,SP
a5cba26a62b8b4d0145b68b841e62e7f,87303,campo mourao,PR
a673821011d0cec28146ea42f5ab767f,03809,sao paulo,SP
a7a9b880c49781da66651ccf4ba9ac38,13530,itirapina,SP
a7d0f8dd44f57ef6de7f7f02e3d82630,03225,sao paulo,SP
a7f13822ceb966b076af67121f87b063,08577,itaquaquecetuba,SP
a888faf2d1baececa6baf9c3d603ee1f,87502,umuarama,PR
aac29b1b99776be73c3049939652091d,38408,uberlandia,MG
aac51c486b672a9850d59f3e84b1cf88,02752,sao paulo,SP
aae3bfea055532c57fb453ed3ec80b30,09271,santo andre,SP
aaed1309374718fdd995ee4c58c9dfcd,89120,timbo,SC
aafe36600ce604f205b86b5084d3d767,88115,sao jose,SC
ab3e0c171fe84a7ba7de130f19cfb485,86690,colorado,PR
aba1721a889e04decc910aa13b768ef4,05729,sao paulo,SP
abe42c5d03695b4257b5c6cbf4e6784e,21235,rio de janeiro,RJ
ac3508719a1d8f5b7614b798f70af136,92030,canoas,RS
acce39e832338debb07b02385cde5967,32110,contagem,MG
aced59e9b31ef866a94f9e7f29d8d418,03306,sao paulo,SP
acf974e4d5950ad143a247471b831eb9,95059,caxias do sul,RS
ad273c9eb54ecb4532de4bf75bae9e4e,80420,curitiba,PR
ad420dd0c4f92f8af951ac24b86d0cf5,38230,fronteira,MG
ad97a199236354e53fcd91a5a913e9a2,88350,brusque,SC
adbc26658d6c7b4b6219f9d934598091,81770,curitiba,PR
ae8bfdbf1c2a2a2dee92d799db0a31c6,85900,toledo,PR
afe0067131b73e40875c9b6c10bd2e21,35590,lagoa da prata,MG
b127efdabeffb5d559349c7b172eb75d,04308,sao paulo,SP
b17b679f4f5ce2e03ce6968c62648246,14090,ribeirao preto,SP
b18dc380845b24038cfc48006478f099,09951,diadema,SP
b19f3ca2ea475913750f25a5c37c8d8f,35501,divinopolis,MG
b1a81260566c1bac3114a6d124413f27,99500,carazinho,RS
b1ac6ea7895bc3dd6f0f6f4abbdd2821,92030,canoas,RS
b1fc4f64df5a0e8b6913ab38803c57a9,24440,sao goncalo,RJ
b1fecf4da1fa2689bccffa0121953643,79107,campo grande,MS
b248792ac0b60ec3f93d80af1b4fae47,09560,sao caetano do sul,SP
b2a6d334e2833acea353624840e25a0e,04133,sao paulo,SP
b2ac621f0d0322434d04a12b078b9369,80220,curitiba,PR
b2ba3715d723d245138f291a6fe42594,03470,sao paulo,SP
b32be1695eb7ec5f10f72d9610a12527,95012,caxias do sul,RS
b33aaadd1a8891d2dfef0c4c3bdf0371,13481,limeira,SP
b33e7c55446eabf8fe1a42d037ac7d6d,14850,pradopolis,SP
b347677812ea483b0f528eaf8cbc09b7,82540,curitiba,PR
b372ee768ed69e46ca8cdbd267aa7a38,15013,sao jose do rio preto,SP
b39d7fe263ef469605dbb32608aee0af,14940,ibitinga,SP
b3b17aab11f273023a5f22ca52e1eb70,86065,londrina,PR
b410bdd36d5db7a65dcd42b7ead933b8,74645,goiania,GO
b416191c9813d821a295cfabafff4161,14407,franca,SP
b45d7ebfb7378630f1bcd74b6ff86ff7,30285,belo horizonte,MG
b494891378bd8f4560abe576c52deacd,04160,sao paulo,SP
b499c00f28f4b7069ff6550af8c1348a,13481,limeira,SP
b4a476fbd28de64b1e347abf9089366a,06653,itapevi,SP
b4f8921fcc4ff77b66bea6dda43dcd51,95034,caxias do sul,RS
b4ffb71f0cb1b1c3d63fad021ecf93e1,03880,sao paulo,SP
b561927807645834b59ef0d16ba55a24,02955,sao paulo,SP
b56906f7fd1696e043f1bcce164c487b,19830,echapora,SP
b67d6c666e8dce1d078c882825e12704,03641,sao paulo,SP
b6d44737c043328708f6749c2dbe50bd,09230,santo andre,SP
b6e1504972665f739dec4facb9943775,13405,piracicaba,SP
b74d1c09cb380e1d03a6f859c6f4224b,20061,rio de janeiro,RJ
b76dba6c951ab00dc4edf0a1aa88037e,03237,sao paulo,SP
b8555308bfdb4ca1ed54325a58da9a97,09751,sao bernardo do campo,SP
b8578d2d823bd8e251f6fdd02b40902d,89069,blumenau,SC
b8bc237ba3788b23da09c0f1f3a3288c,88303,itajai,SC
b92e3c8f9738272ff7c59e111e108d7c,36502,uba,MG
b94cc9f10ddc85e4ba73a6f7974e7101,27930,macae,RJ
ba143b05f0110f0dc71ad71b4466ce92,02274,sao paulo,SP
ba6b68b55fe8704377a7d43c8e5c0185,30130,belo horizonte,MG
ba90964cff9b9e0e6f32b23b82465f7b,07140,guarulhos,SP
bacb1f0ed56ad24198f5810d2b3fe9a5,12328,jacarei,SP
bb5bd94c8f59cc050072d2930c869cac,05008,sao paulo,SP
bb7a14e229b1c95156719c3d9552eeee,23095,rio de janeiro,RJ
bba3293d6f5d5af2f415e004e8b93ae3,04726,sao paulo,SP
bbad7e518d7af88a0897397ffdca1979,01512,sao paulo,SP
bc2ac6b95e1accce9858528ee566c17e,13085,campinas,SP
bc503e244f187939d10c92a5c8e378ce,16200,birigui,SP
bcc9dd23e2a8bd8267cf92b19304a1b9,14940,ibitinga,SP
bd0389da23d89b726abf911cccc54596,71691,brasilia,DF
bd23da7354813347129d751591d1a6e2,03971,sao paulo,SP
bd4431c1a8dfa744b59e1e2a8bc99b9e,20761,rio de janeiro,RJ
bd4ff04377f974574f7f0bf9d6ce7dde,17370,santa maria da serra,SP
bdf0d02d36a1d839d0c39c4a887cdd49,16200,birigui,SP
be7a093e5b4d147b36b72bb1f9e415e5,85900,toledo,PR
be8e909810184b9b19e886129149d8e5,13418,piracicaba,SP
be9a160a9011f627c3e121d076c1ec7b,89256,jaragua do sul,SC
beadbee30901a7f61d031b6b686095ad,07097,guarulhos,SP
bf100ecb7997df312b285358fb32f92c,83070,sao jose dos pinhais,PR
bf3c6d2a28b2b5501e6c15448982dcc9,04180,sao paulo,SP
bf84056e679dbe9c69929847a40e338f,02537,sao paulo,SP
bfd27a966d91cfaafdb25d076585f0da,13930,serra negra,SP
c003204e1ab016dfa150abc119207b24,07790,cajamar,SP
c0563dd588b775f2e37747ef6ad6c92c,09220,santo andre,SP
c0e6839516f5398edc34adf5f1d53d1a,11430,guaruja,SP
c0f783394e37cd9c9d7f5f81141450fa,13416,piracicaba,SP
c1f12f926d0ba950578b4fa41115cbb6,04317,sao paulo,SP
c24173065483e421f9e5e7f599de101d,03548,sao paulo,SP
c26a2be5b53b7db6b276280da212a779,28630,nova friburgo,RJ
c26ba52cf8d2f34915f2f6b7ffa0a3f3,21510,rio de janeiro,RJ
c31eff8334d6b3047ed34bebd4d62c36,13322,salto,SP
c33847515fa6305ce6feb1e818569f13,88359,brusque,SC
c35affa65afd250151285c5917fc1c8a,08050,sao paluo,SP
c3867b4666c7d76867627c2f7fb22e21,14580,guara,SP
c394e193cda3b4225ff2094d32184849,04104,sao paulo,SP
c3cfdc648177fdbbbb35635a37472c53,80610,curitiba,PR
c3fe93ba3085f92855c97e57f38c8c05,81510,curitiba,PR
c4d51195486dc781531876a7d00453d8,19023,presidente prudente,SP
c510bc1718f0f2961eaa42a23330681a,13330,indaiatuba,SP
c60b801f2d52c7f7f91de00870882a75,07174,guarulhos,SP
c6381d2d013342748761e906d45aff76,93180,portao,RS
c68fb906c8f4b4b946d8386bfa6e5467,14870,jaboticabal,SP
c6a7539d424a8402232c2228d7a03c5e,03191,sao paulo,SP
c6bda72e4dbf5c5866b13cb1810c6d03,03087,sao paulo,SP
c70a353f02429c00775a46a75fb787da,08275,sao paulo,SP
c70c1b0d8ca86052f45a432a38b73958,13186,hortolandia,SP
c731d18cea9bf687ffee82a241c25b11,89701,concordia,SC
c8025364abeecb115431bf95c11a747f,90630,porto alegre,RS
c826c40d7b19f62a09e2d7c5e7295ee2,07133,guarulhos,SP
c8417879a15366a17c30af34c798c332,04445,sao paulo,SP
c8467937e403e76a8ee9f0ab13f6f5ef,37704,pocos de caldas,MG
c847e075301870dd144a116762eaff9a,38022,uberaba,MG
c864036feaab8c1659f65ea4faebe1da,83605,campo largo,PR
c878515173c84a492ebe50d6b493230b,85880,itaipulandia,PR
c8b0e2b0a7095e5d8219575d5e7e1181,08598,itaquaquecetuba,SP
c9c7905cffc4ef9ff9f113554423e671,06871,itapecerica da serra,SP
ca3bd7cd9f149df75950150d010fe4a2,04361,sao paulo,SP
cab85505710c7cb9b720bceb52b01cee,02252,sao paulo,SP
cac4c8e7b1ca6252d8f20b2fc1a2e4af,13347,indaiatuba,SP
cb32766839f443db85c82a43c4a6c19e,13506,rio claro,SP
cb3dd9ce66268c7a3ca7241ac70ab58c,03028,sao paulo,SP
cb810bd318f51b3dc3c753944d61a1fa,24240,niteroi,RJ
cb9fb4ca75d7ba8437480e8dde64fe98,03551,sao paulo,SP
cbd996ad3c1b7dc71fd0e5f5df9087e2,15081,sao jose do rio preto,SP
cc3d14116804f7209f3884f6367f1152,82940,curitiba,PR
cc419e0650a3c5ba77189a1882b7556a,09015,santo andre,SP
cca3071e3e9bb7d12640c9fbe2301306,14940,ibitinga,SP
ccc4bbb5f32a6ab2b7066a4130f114e3,80310,curitiba,PR
cce6ab8d1682639fe45ab70234f1665f,81020,curitiba,SP
cd68562d3f44870c08922d380acae552,14050,ribeirao preto,SP
ce248b21cb2adc36282ede306b7660e5,89251,jaragua do sul,SC
ce27a3cc3c8cc1ea79d11e561e9bebb6,03006,sao paulo,SP
ce616e1913288884e7742faac9d981db,06711,cotia,SP
ce69a8021d18961dd2a40269b7c2c293,81070,curitiba,PR
ce7d1888639e6fb06b2749cbfdac1ff7,37443,baependi,MG
ceaec5548eefc6e23e6607c5435102e7,03821,sao paulo,SP
cee48807215b30a12ca2ca10ffb5f250,11431,guaruja,SP
cfa5ab0e4d3fc212fd0b3410e7081c62,36500,uba,MG
cfb1a033743668a192316f3c6d1d2671,18110,votorantim,SP
d03698c2efd04a549382afa6623e27fb,45658,ilheus,BA
d05ae8f7a5bd1d2a690a44cd079e4e27,22775,rio de janeiro,RJ
d06d019f72a04e5497a0b64190af170c,06703,cotia,SP
d12c926d74ceff0a90a21184466ce161,02634,sao paulo,SP
d13e50eaa47b4cbe9eb81465865d8cfc,09210,santo andre,SP
d17f467e4bf608a510c20d82f4ba3b6b,95098,caxias do sul,RS
d1b65fc7debc3361ea86b5f14c68d2e2,13844,mogi guacu,SP
d1c281d3ae149232351cd8c8cc885f0d,14940,ibitinga,SP
d1ef48b38baca7e831711c4a0aeb398f,86800,apucarana,PR
d20b021d3efdf267a402c402a48ea64b,14940,ibitinga,SP
d23019c84ffae2d5ef2270367b8605fc,86073,londrina,PR
d2374cbcbb3ca4ab1086534108cc3ab7,14940,ibitinga,SP
d2e753bb80b7d4faa77483ed00edc8ca,45810,porto seguro,BA
d379f449f2a3b271bc01c0782020f705,35500,divinopolis,MG
d4910f1cdcfdabd48d6b316e395d4a23,09190,santo andre,SP
d4e12e7884759a14fa0f5f896c791cae,02242,sao paulo,SP
d4e4b5192cba4e0e66eb12a9d347239d,85904,toledo,PR
d4ffeb15b67e81ff9af2b4252d99fb7e,12943,atibaia,SP
d50d79cb34e38265a8649c383dcffd48,08290,sao paulo,SP
d51e0a403fe2e689ece6c73359d96e12,17580,pompeia,SP
d566c37fa119d5e66c4e9052e83ee4ea,04131,sao paulo,SP
d57e18d5f73c7ccb7f7339b61166898d,03613,sao paulo,SP
d594982fd877af63ace38ea1fca27c76,01031,sao paulo,SP
d5ba419e26d246a0719437cf37d9b46d,03437,sao paulo,SP
d650b663c3b5f6fb392b6326366efa9a,06713,cotia,SP
d66c11a9572221d92fbb8c4897db5f9b,20770,rio de janeiro,RJ
d673a59aac7a70d8b01e6902bf090a11,14940,ibitinga,SP
d6b1ce66b035a475f00c017792ff9769,13327,salto,SP
d8cf3b6a2151949f930d0252b180ec42,87160,mandaguacu,PR
d91fb3b7d041e83b64a00a3edfb37e4f,11704,praia grande,SP
d921b68bf747894be13a97ae52b0f386,35570,formiga,MG
d9442042130b7fe579d1295f9f4a248f,03550,sao paulo,SP
d94a40fd42351c259927028d163af842,37443,baependi,MG
d94ba08b99bedd6a5f6c875ecc4a6fac,86800,apucarana,PR
d97df38225e5abadaff1e72cb72b823c,09560,sao caetano do sul,SP
d98eec89afa3380e14463da2aabaea72,90010,porto alegre,RS
d9a84e1403de8da0c3aa531d6d108ba6,03562,sao paulo,SP
d9bd94811c3338dceb4181f3dbc0c73e,04186,sao paulo,SP
d9d43faf741ceaa8da52fdbb81d9e0e3,36010,juiz de fora,SP
d9e8c084b68fe958861d8f2c21202e6b,05528,sao paulo,SP
da8622b14eb17ae2831f4ac5b9dab84a,13405,piracicaba,SP
db4350fd57ae30082dec7acbaacc17f9,03126,sao paulo,SP
dbb9b48c841a0e39e21f98e1a6b2ec3e,03929,sao paulo,SP
dbc22125167c298ef99da25668e1011f,37564,borda da mata,MG
dbd66278cbfe1aa1000f90a217ca4695,05588,sao paulo,SP
dc317f341ab0e22f39acbd9dbf9b4a1f,94910,cachoeirinha,RS
dc4a0fc896dc34b0d5bfec8438291c80,14940,ibitinga,SP
dc8798cbf453b7e0f98745e396cc5616,05455,sao paulo,SP
dd2bdf855a9172734fbc3744021ae9b9,31255,belo horizonte,MG
dd533b429f380718b70ad9922c294bae,14781,barretos,SP
dd55f1bb788714a40e7954c3be6df745,01021,sao paulo,SP
dd7ddc04e1b6c2c614352b383efe2d36,03471,sao paulo,SP
dd8a29ce82d5c705ba932d81494600a5,08220,sao paulo,SP
de0c78824586e9a5f5f04fd84e25df39,06730,vargem grande paulista,SP
de23c3b98a88888289c6f5cc1209054a,05530,sao paulo,SP
de722cd6dad950a92b7d4f82673f8833,51250,recife,PE
dee656f0f566ed1aa85bd137c943f08f,12701,cruzeiro,SP
df560393f3a51e74553ab94004ba5c87,87900,loanda,PR
df56d7b40d437f88407c5f78b63bc328,85812,cascavel,PR
dfa0c4c6229ab200a4a1336b4d7128ff,88085,florianopolis,SC
e06f09ec0a4aca210779cf1cfc63cf19,04773,sao paulo,SP
e0eabded302882513ced4ea3eb0c7059,13023,campinas,SP
e21a1e8be4715b0fcfd5385643bc49c4,88715,jaguaruna,SC
e24d3429d294b2eb200b064ebb035879,03514,sao paulo,SP
e24fc9fcd865784fb25705606fe3dfe7,12913,braganca paulista,SP
e256a62e0ac58c0edfba09966142d561,81320,curitiba,PR
e26901d5ab434ce92fd9b5c256820a4e,09350,maua,SP
e2a1ac9bf33e5549a2a4f834e70df2f8,01210,sao paulo,SP
e2c92f9c1c7746d899d18f2e158bbff7,15054,sao jose do rio preto,SP
e333046ce6517bd8bb510291d44f0130,18950,ipaussu,SP
e3a386fc36e22064434e1fa256f6a9fa,13165,engenheiro coelho,SP
e4ebd3f87bf70440014f07ddda7fbe03,19470,presidente epitacio,SP
e504a4e2efaa45cbff7e268a2c58c956,13520,sao pedro,SP
e5475dcab1e07b63d7f6e902d8f5eda8,09921,diadema,SP
e59aa562b9f8076dd550fcddf0e73491,82810,curitiba,PR
e5a3438891c0bfdb9394643f95273d8e,13483,limeira,SP
e5a38146df062edaf55c38afa99e42dc,01233,sao paulo,SP
e62b2d6ac10570a035a30bafcf01d263,05767,sao paulo,SP
e63e8bfa530fb16910dd6956e592bb81,07160,guarulhos,SP
e70053bf73d1b5863932e53a9fa47496,05059,sao paulo,SP
e7df4cd29ab5abab70fb0783ddb53987,04122,sao paulo,SP
e83c76265fc54bf41eac728805e4da77,16074,aracatuba,SP
e84ad2127668df3aafc6b73531a0beb8,04613,sao paulo,SP
e882b2a25a10b9c057cc49695f222c19,25963,teresopolis,RJ
e8b3a3a38279a82f0e5d006d5e5b7d2c,87230,jussara,PR
e8b4225284fbb02d16f200513f1f395d,14960,novo horizonte,SP
e8f6dc8e6a1dcde89d20e3995c8d90b3,03476,sao paulo,SP
e96498ed8daaa3e9c23f7a62da76591c,05373,sao paulo,SP
e9779976487b77c6d4ac45f75ec7afe9,11701,praia grande,SP
e9bc59e7b60fc3063eb2290deda4cced,87083,maringa,PR
e9d99831abad74458942f21e16f33f92,03542,sao paulo,SP
ea1776927851da2532aa70d6a32c095a,08223,sao paulo,SP
ea4e9ce63a2134743b4a92777437fcdd,88135,palhoca,SC
ea566164622c6b439516ab18062c42cd,05303,sao  paulo,SP
ea846a0e7ad98a741783e886d89dfa44,16072,aracatuba,SP
ea8482cd71df3c1969d7b9473ff13abc,04160,sao paulo,SP
ead2bab70821ea148476ae9bc08548ac,31980,belo horizonte,MG
eaf6d55068dea77334e8477d3878d89e,04660,sao paulo,SP
eb4df17aed01d918c65f0f8d650900c0,13140,paulinia,SP
eb72802c83dc7547529c9546d1a9b8ef,13504,rio claro,SP
ebd2d60905fb58271facef5596b620d3,18683,lencois paulista,SP
ec80e49e69745ab6c14f984bf2149423,13480,limeira,SP
ecccfa2bb93b34a3bf033cc5d1dcdc69,81810,curitiba,PR
ececbfcff9804a2d6b40f589df8eef2b,14407,franca,SP
ed4311e67debd72b8610a5347a743087,07170,guarulhos,SP
ed8cb7b190ceb6067227478e48cf8dde,11015,santos,SP
edb1ef5e36e0c8cd84eb3c9b003e486d,25957,teresopolis,RJ
eeb6de78f79159600292e314a77cbd18,88501,lages,SC
eed78ac17f7f795a19a709745f00cd4e,18608,botucatu,SP
ef0ace09169ac090589d85746e3e036f,24451,sao goncalo,RJ
ef2fbc2b607d8492bcffe657a4645434,20051,rio de janeiro,RJ
ef506c96320abeedfb894c34db06f478,03569,sao paulo,SP
ef728fa1f17436c91ed1ccd03dcf9631,17201,jau,SP
efcd8d2104f1a05d028af7bad20d974b,16012,aracatuba,SP
f0563bacf40c311f1c4d3d6b67b8a7a7,88704,tubarao,SC
f08a5b9dd6767129688d001acafc21e5,90230,porto alegre,RS
f08c008c8a8d31417763738a1788a2a8,85875,santa terezinha de itaipu,PR
f0b47fbbc6dee9aafe415a6e33051b3f,09360,maua,SP
f1b93673502375d491780bb49d615dbc,12228,sao jose dos campos,SP
f22a247b79dd22ecd91dc8e3b2a1b07c,08573,itaquaquecetuba,SP
f262cbc1c910c83959f849465454ddd3,03564,sao paulo,SP
f27e33c6d29b5138fa9967bcd445b6d5,04273,sao paulo,SP
f35b3c613c4f7b2275f4185d0a3c59ec,05417,sao paulo,SP
f3b80352b986ab4d1057a4b724be19d0,71200,brasilia,DF
f3da5b2ff499efb8d4a6d371d175d7dd,02407,sao paulo,SP
f44b6f775a2b390380e0e30b5c9d3eee,03057,sao paulo,SP
f44bdc12aa39f5271f0b95f66cd4c289,12914,braganca paulista,SP
f45122a9ab94eb4f3f8953578bc0c560,13419,piracicaba,SP
f457c46070d02cadd8a68551231220dd,87047,maringa,PR
f46490624488d3ff7ce78613913a7711,07194,guarulhos,SP
f4db9b37944bcb8873e6b456ee190bbf,08599,itaquaquecetuba,SP
f593898ec748b7a8cb81fc04edafd98a,13920,pedreira,SP
f5a590cf36251cf1162ea35bef76fe84,09720,sao bernardo do campo,SP
f5f1f2c5f923f36ad79ea1d07185ddc9,19820,taruma,SP
f61c63d13f7cd800549d5acdd390ae72,18185,pilar do sul,SP
f67efa3f0b6761102a7f8c6b7b571f5d,82300,curitiba,PR
f680f85bee2d253556ac91be391d2c82,06365,carapicuiba,SP
f7496d659ca9fdaf323c0aae84176632,04156,sao paulo,SP
f7720c4fa8e3aba4546301ab80ea1f1b,81350,curitiba,PR
f789d2c4f2c2eb38fc4373e7a4b35264,36010,juiz de fora,MG
f7ba60f8c3f99e7ee4042fdef03b70c4,09628,sao bernardo do campo,SP
f7ccf836d21b2fb1de37564105216cc1,14940,ibitinga,SP
f80edd2c5aaa505cc4b0a3b219abf4b8,03431,sao paulo,SP
f84a00e60c73a49e7e851c9bdca3a5bb,20756,rio de janeiro,RJ
f8db351d8c4c4c22c6835c19a46f01b0,13324,salto,SP
f92d8c817434bd2d84d4e9c61322b7fa,18048,sorocaba,SP
fa1a9dec3a9940c072684a46728bf1fc,88820,icara,SC
fa1c13f2614d7b5c4749cbc52fecda94,13170,sumare,SP
fa40cc5b934574b62717c68f3d678b6d,02310,sao paulo,SP
fa5fdc4e4bb6bd1009ad0e4ac4096562,09111,santo andre,SP
fa74b2f3287d296e9fbd2cc80f2d1cf1,19023,presidente prudente,SP
fac35d150712afb921ec59ac5f39bb11,38650,bonfinopolis de minas,MG
fad44952713764836814be105382aee5,21340,rio de janeiro,RJ
fb3cfbc8a86f5d7fbb4d36b8df63f60d,21825,rio de janeiro,RJ
fb89df7f89fd1b8f03fa2acca1ba7364,85853,foz do iguacu,PR
fc59392d66ef99377e50356ee4f3b4e1,40243,salvador,BA
fc906263ca5083d09dce42fe02247800,31030,belo horizonte,MG
fcb5ace8bcc92f75707dc0f01a27d269,07032,guarulhos,SP
fcdd820084f17e9982427971e4e9d47f,14075,ribeirao preto,SP
fd312b6bf05efac6c3772d5b52205d8a,18111,votorantim,SP
fdb9095204a334cd8872252ffec6f2db,03331,sao paulo,SP
fde0cc9ea29c8ccfc0a2c22256a58c71,81650,curitiba,PR
fe2032dab1a61af8794248c8196565c9,13030,campinas,SP
febab0275244b9a49a623f0bd613ca2f,13920,pedreira,SP
fec6275253471ace26d209bbaa64cd0f,28605,nova friburgo,RJ
fedf2c1386e137f296b3bbf3b635e69d,03410,sao paulo,SP
ff063b022a9a0aab91bad2c9088760b7,09171,santo andre,SP
ff1fb4c404b2efe68b03350a8dc24122,08710,mogi das cruzes,SP
ff4e2d38692ce827b1a4f4b8196e680d,03319,sao paulo,SP
ff69aa92bb6b1bf9b8b7a51c2ed9cf8b,08140,sao paulo,SP
ffa6adafb71b807dc13159e26431354c,86030,londrina,PR
ffc470761de7d0232558ba5e786e57b7,07091,guarulhos,SP
fffd5413c0700ac820c7069d66d98c89,13908,amparo,SP
ffff564a4f9085cd26170f4732393726,13070,campinas,SP
